<?xml version='1.0' encoding='UTF-8'?>
<?toc version='0.0.1'?>
<toc fileCount='9'>
    <file name='9.0.5.3-WS-WASProd-IFPH42728a_9.0.5003.20211212_1049.assembly'/>
    <file name='9.0.5.3-WS-WASProd-IFPH42728-15s-9.0.5010_9.0.5010.20211212_1049.suFragment'/>
    <file name='9.0.5.3-WS-WASProd-IFPH42728-13s-9.0.5009_9.0.5009.20211212_1049.suFragment'/>
    <file name='9.0.5.3-WS-WASProd-IFPH42728-9s-9.0.5007_9.0.5007.20211212_1049.suFragment'/>
    <file name='9.0.5.3-WS-WASProd-IFPH42728-5s-9.0.5005_9.0.5005.20211212_1049.suFragment'/>
    <file name='9.0.5.3-WS-WASProd-IFPH42728-3s-9.0.5004_9.0.5004.20211212_1049.suFragment'/>
    <file name='9.0.5.3-WS-WASProd-IFPH42728-1s-9.0.5003_9.0.5003.20211212_1049.suFragment'/>
    <file name='9.0.5.3-WS-WASProd-IFPH42728-11s-9.0.5008_9.0.5008.20211212_1049.suFragment'/>
    <file name='9.0.5.3-WS-WASProd-IFPH42728-7s-9.0.5006_9.0.5006.20211212_1049.suFragment'/>
</toc>
