<?xml version="1.0" encoding="UTF-8"?>
<?atoc version='0.0.1'?>
<cset q="plugin" >
<summary  count="5"  totalSize="226090" >
<digs da="MD5"  count="1" />
<digs da="MD5"  count="1" />
</summary>
<cset id="com.ibm.ws*" >
<summary  count="2"  totalSize="135824" >
<digs da="MD5"  count="1" />
</summary>
<cset v="8.*" >
<summary  count="2"  totalSize="135824" >
<digs da="MD5"  count="1" />
</summary>
<cset p="*" >
<summary  count="2"  totalSize="135824" >
<digs da="MD5"  count="1" />
</summary>
<af id="com.ibm.ws.check.os.v80"  v="8.0.2.20130111_1128"  p=""  ex="false"  sz="71098" >
<dig da="MD5"  dv="5b442dfefae2cfc8c3215283eae81010" />

</af>
<af id="com.ibm.ws.detect.running.process.v80"  v="8.5.0.20160308_0000"  p=""  ex="false"  sz="64726" >
<dig da="MD5"  dv="a9033e43794a58d4f3dc6af5e81510d0" />

</af>
</cset>
</cset>
</cset>
<cset id="com.ibm.im*" >
<summary  count="1"  totalSize="68989" >
<digs da="MD5"  count="1" />
</summary>
<cset v="1.*" >
<summary  count="1"  totalSize="68989" >
<digs da="MD5"  count="1" />
</summary>
<cset p="*" >
<summary  count="1"  totalSize="68989" >
<digs da="MD5"  count="1" />
</summary>
<af id="com.ibm.im.dependency.was.apar"  v="1.0.16.v20201013_1530"  p=""  ex="false"  sz="68989" >
<dig da="MD5"  dv="4ba180cfef00b278519151e82df05751" />

</af>
</cset>
</cset>
</cset>
<cset id="com.ibm.was*" >
<summary  count="2"  totalSize="21277" >
<digs da="MD5"  count="1" />
<digs da="MD5"  count="1" />
</summary>
<cset v="8.*" >
<summary  count="2"  totalSize="21277" >
<digs da="MD5"  count="1" />
<digs da="MD5"  count="1" />
</summary>
<cset p="*" >
<summary  count="2"  totalSize="21277" >
<digs da="MD5"  count="1" />
<digs da="MD5"  count="1" />
</summary>
<af id="com.ibm.was.ifix.prereq.detect.temp.fix"  v="8.0.0.201206111438"  p=""  ex="false"  sz="6366" >
<dig da="MD5"  dv="d1a67819bb1ffee774f4e6d8056af40d" />

</af>
<af id="com.ibm.was.ifix.prereq.osarch"  v="8.0.0.201601112108"  p=""  ex="false"  sz="14911" >
<dig da="MD5"  dv="e7e9a4c8f5d3d29effe6a68715533aaf" />

</af>
</cset>
</cset>
</cset>
</cset>