<?xml version="1.0" encoding="UTF-8"?>
<?atoc version='0.0.1'?>
<cset q="zip" >
<summary  count="1"  totalSize="8790912" >
<digs da="MD5"  count="1" />
</summary>
<cset id="8.5.5.11-WS-WASProd-IFPH42728-1s-8.5.5011-1i.file.operations" >
<summary  count="1"  totalSize="8790912" >
<digs da="MD5"  count="1" />
</summary>
<cset v="8.*" >
<summary  count="1"  totalSize="8790912" >
<digs da="MD5"  count="1" />
</summary>
<cset p="*" >
<summary  count="1"  totalSize="8790912" >
<digs da="MD5"  count="1" />
</summary>
<af id="8.5.5.11-WS-WASProd-IFPH42728-1s-8.5.5011-1i.file.operations"  v="8.5.5.20211212_1616"  p=""  ex="false"  sz="8790912" >
<dig da="MD5"  dv="0d4c9b5a34dece95bc6e1ce894034364" />

</af>
</cset>
</cset>
</cset>
</cset>