<?xml version='1.0' encoding='UTF-8'?>
<?repositoryDigest version='0.0.1'?>
<repositoryDigest>
  <repository>
    <property name='LayoutPolicy' value='P1'/>
    <property name='LayoutPolicyVersion' value='0.0.0.1'/>
    <fix id='9.0.5.3-WS-WASProd-IFPH42728' version='9.0.5003.20211212_1049' offeringId='EnhancedFix' offeringVersion='0.0.0.EnhancedFix'>
      <information name='9.0.5.3-WS-WASProd-IFPH42728' version='9.0.5003.20211212_1049'>
        FIX FOR APAR PH42728 ADDRESSING CVE-2021-44228
      </information>
      <property name='applicable.offerings' value='com.ibm.websphere.BASE.v90 [9.0.5003,9.0.5011);com.ibm.websphere.ND.v90 [9.0.5003,9.0.5011);com.ibm.websphere.zOS.v90 [9.0.5003,9.0.5011);com.ibm.websphere.WEBENAB.v90 [9.0.5003,9.0.5011);com.ibm.websphere.ILAN.v90 [9.0.5003,9.0.5011)'/>
      <property name='beta.compatible' value='true'/>
      <property name='recommended' value='true'/>
      <property name='offering.type' value=''/>
      <property name='default.profile' value=''/>
      <property name='default.user.profile' value=''/>
      <property name='vendor.name' value=''/>
      <property name='offering.service.repositories' value=''/>
      <file name='Fixes/9.0.5.3-WS-WASProd-IFPH42728_9.0.5003.20211212_1049.fix'/>
    </fix>
  </repository>
</repositoryDigest>
