<?xml version='1.0' encoding='UTF-8'?>
<?atoc version='0.0.2'?>
<atoc>
<summary  count='7'  totalSize='11341066' >
<digs da='MD5'  count='1' />
<digs da='MD5'  count='1' />
</summary>
<cset n='native' >
<summary  count='2'  totalSize='11115118' >
<digs da='MD5'  count='1' />
</summary>
<cset q='file'  href='nq/native_file.xml'  size='664' md5='8de040df83041f951a61294cbcc564a0'>
<summary  count='1'  totalSize='3409' >
<digs da='MD5'  count='1' />
</summary>
</cset>
<cset q='zip'  href='nq/native_zip.xml'  size='767' md5='653e61a37b092f634b9039e39f558360'>
<summary  count='1'  totalSize='11111709' >
<digs da='MD5'  count='1' />
</summary>
</cset>
</cset>
<cset n='eclipse' >
<summary  count='5'  totalSize='225948' >
<digs da='MD5'  count='1' />
<digs da='MD5'  count='1' />
</summary>
<cset q='plugin'  href='nq/eclipse_plugin.xml'  size='2297' md5='997b94ac9920057261f567c4613de1d5'>
<summary  count='5'  totalSize='225948' >
<digs da='MD5'  count='1' />
<digs da='MD5'  count='1' />
</summary>
</cset>
</cset></atoc>