<?xml version="1.0" encoding="UTF-8"?>
<?atoc version='0.0.1'?>
<cset q="zip" >
<summary  count="1"  totalSize="11111709" >
<digs da="MD5"  count="1" />
</summary>
<cset id="9.0.5.3-WS-WASProd-IFPH42728-1s-9.0.5003-1i.file.operations" >
<summary  count="1"  totalSize="11111709" >
<digs da="MD5"  count="1" />
</summary>
<cset v="9.*" >
<summary  count="1"  totalSize="11111709" >
<digs da="MD5"  count="1" />
</summary>
<cset p="*" >
<summary  count="1"  totalSize="11111709" >
<digs da="MD5"  count="1" />
</summary>
<af id="9.0.5.3-WS-WASProd-IFPH42728-1s-9.0.5003-1i.file.operations"  v="9.0.5.20211212_1049"  p=""  ex="false"  sz="11111709" >
<dig da="MD5"  dv="31ff9c5849205076eb52d270c98c85d4" />

</af>
</cset>
</cset>
</cset>
</cset>