<?xml version="1.0" encoding="UTF-8"?>
<?atoc version='0.0.1'?>
<cset q="file" >
<summary  count="3"  totalSize="50631" >
<digs da="MD5"  count="1" />
<digs da="MD5"  count="1" />
</summary>
<cset id="com.ibm.ws*" >
<summary  count="2"  totalSize="49172" >
<digs da="MD5"  count="1" />
</summary>
<cset v="8.*" >
<summary  count="2"  totalSize="49172" >
<digs da="MD5"  count="1" />
</summary>
<cset p="*" >
<summary  count="2"  totalSize="49172" >
<digs da="MD5"  count="1" />
</summary>
<af id="com.ibm.ws.exec.chmod"  v="8.0.0.201203071708"  p="jar"  ex="false"  sz="3409" >
<dig da="MD5"  dv="55b428d86162462dd6cde99589d5acfe" />

</af>
<af id="com.ibm.ws.patchinstaller"  v="8.0.1.201512152128"  p="jar"  ex="false"  sz="45763" >
<dig da="MD5"  dv="0eb7435a24e8a2c75e3bad41c3db3388" />

</af>
</cset>
</cset>
</cset>
<cset id="9.0.5.8-WS-WASILAN-IFPH41806-2s-1i.jar.operations" >
<summary  count="1"  totalSize="1459" >
<digs da="MD5"  count="1" />
</summary>
<cset v="9.*" >
<summary  count="1"  totalSize="1459" >
<digs da="MD5"  count="1" />
</summary>
<cset p="*" >
<summary  count="1"  totalSize="1459" >
<digs da="MD5"  count="1" />
</summary>
<af id="9.0.5.8-WS-WASILAN-IFPH41806-2s-1i.jar.operations"  v="9.0.5.20211105_1224"  p="zip"  ex="false"  sz="1459" >
<dig da="MD5"  dv="38eded325035079c9f2cd8d47949e05b" />

</af>
</cset>
</cset>
</cset>
</cset>