<?xml version="1.0" encoding="UTF-8"?>
<?atoc version='0.0.1'?>
<cset q="zip" >
<summary  count="1"  totalSize="767" >
<digs da="MD5"  count="1" />
</summary>
<cset id="9.0.5.8-WS-WASILAN-IFPH41806-1s-1i.file.operations" >
<summary  count="1"  totalSize="767" >
<digs da="MD5"  count="1" />
</summary>
<cset v="9.*" >
<summary  count="1"  totalSize="767" >
<digs da="MD5"  count="1" />
</summary>
<cset p="*" >
<summary  count="1"  totalSize="767" >
<digs da="MD5"  count="1" />
</summary>
<af id="9.0.5.8-WS-WASILAN-IFPH41806-1s-1i.file.operations"  v="9.0.5.20211105_1224"  p=""  ex="false"  sz="767" >
<dig da="MD5"  dv="42ba8c964079be8a72f0d45801e44cb1" />

</af>
</cset>
</cset>
</cset>
</cset>