<?xml version='1.0' encoding='UTF-8'?>
<?atoc version='0.0.2'?>
<atoc>
<summary  count='9'  totalSize='277346' >
<digs da='MD5'  count='1' />
<digs da='MD5'  count='1' />
</summary>
<cset n='native' >
<summary  count='4'  totalSize='51398' >
<digs da='MD5'  count='1' />
<digs da='MD5'  count='1' />
</summary>
<cset q='file'  href='nq/native_file.xml'  size='1367' md5='d7daa33c00333db865d832d99503079f'>
<summary  count='3'  totalSize='50631' >
<digs da='MD5'  count='1' />
</summary>
</cset>
<cset q='zip'  href='nq/native_zip.xml'  size='699' md5='789aa326c4193da7cdf2a4910e67b010'>
<summary  count='1'  totalSize='767' >
<digs da='MD5'  count='1' />
</summary>
</cset>
</cset>
<cset n='eclipse' >
<summary  count='5'  totalSize='225948' >
<digs da='MD5'  count='1' />
</summary>
<cset q='plugin'  href='nq/eclipse_plugin.xml'  size='2272' md5='fb3cd4b5f7d87da77bb830bd2fddf68e'>
<summary  count='5'  totalSize='225948' >
<digs da='MD5'  count='1' />
</summary>
</cset>
</cset></atoc>