<?xml version='1.0' encoding='UTF-8'?>
<?atoc version='0.0.2'?>
<atoc>
<summary  count='7'  totalSize='9020411' >
<digs da='MD5'  count='1' />
<digs da='MD5'  count='1' />
</summary>
<cset n='eclipse' >
<summary  count='5'  totalSize='226090' >
<digs da='MD5'  count='1' />
<digs da='MD5'  count='1' />
</summary>
<cset q='plugin'  href='nq/eclipse_plugin.xml'  size='2141' md5='3319547bab098463c1f964aa87b12b07'>
<summary  count='5'  totalSize='226090' >
<digs da='MD5'  count='1' />
<digs da='MD5'  count='1' />
</summary>
</cset>
</cset>
<cset n='native' >
<summary  count='2'  totalSize='8794321' >
<digs da='MD5'  count='1' />
</summary>
<cset q='zip'  href='nq/native_zip.xml'  size='764' md5='e33e3fcc74dc211046d966b52816ac6b'>
<summary  count='1'  totalSize='8790912' >
<digs da='MD5'  count='1' />
</summary>
</cset>
<cset q='file'  href='nq/native_file.xml'  size='664' md5='8de040df83041f951a61294cbcc564a0'>
<summary  count='1'  totalSize='3409' >
<digs da='MD5'  count='1' />
</summary>
</cset>
</cset></atoc>