<?xml version='1.0' encoding='UTF-8'?>
<?repositoryDigest version='0.0.1'?>
<repositoryDigest>
  <repository>
    <property name='LayoutPolicy' value='P1'/>
    <property name='LayoutPolicyVersion' value='0.0.0.1'/>
    <fix id='9.0.5.8-WS-WASILAN-IFPH41806' version='9.0.5008.20211105_1224' offeringId='EnhancedFix' offeringVersion='0.0.0.EnhancedFix'>
      <information name='9.0.5.8-WS-WASILAN-IFPH41806' version='9.0.5008.20211105_1224'>
        USAGE METERING NOT REPORTING METRICS FOR WEBSPHERE ILAN
      </information>
      <property name='applicable.offerings' value='com.ibm.websphere.ILAN.v90 [9.0.5008,9.0.5009)'/>
      <property name='beta.compatible' value='true'/>
      <property name='recommended' value='false'/>
      <property name='offering.type' value=''/>
      <property name='default.profile' value=''/>
      <property name='default.user.profile' value=''/>
      <property name='vendor.name' value=''/>
      <property name='offering.service.repositories' value=''/>
      <file name='Fixes/9.0.5.8-WS-WASILAN-IFPH41806_9.0.5008.20211105_1224.fix'/>
    </fix>
  </repository>
</repositoryDigest>
